{"metadata":{"asset_id":"6d7ce25e-4e61-4ee0-8d07-8ce237bccee2","asset_attributes":["data_asset"],"name":"bank (1).csv","asset_type":"data_asset","created_at":"2022-04-25T04:56:36Z","origin_country":"us","owner_id":"IBMid-6630035GCA","project_id":"e6026a3c-0923-43eb-8d64-12f87b0460a2","size":918960,"usage":{"last_update_time":1650862596275,"last_updated_at":"2022-04-25T04:56:36Z"}},"entity":{"data_asset":{"mime_type":"text/csv","dataset":false}},"attachments":[{"id":"096ddd2b-08e9-45e6-b4e2-4983d2d066d0","version":2,"asset_type":"data_asset","name":"bank (1).csv","mime":"text/csv","datasource_type":"193a97c1-4475-4a19-b90c-295c4fdc6517","object_key":"bank (1).csv","creator_id":"IBMid-6630035GCA","create_time":1650862597146,"size":918960,"is_remote":false,"is_managed":false,"is_referenced":true,"is_object_key_read_only":true,"is_user_provided_path_key":true,"transfer_complete":true,"is_partitioned":false,"complete_time_ticks":1650862597146,"user_data":{},"test_doc":0,"handle":{"bucket":"bank-donotdelete-pr-zyhdtumvslcars","location":"eu-geo","key":"bank (1).csv","upload_id":"done","max_part_num":1},"usage":{"access_count":0,"last_accessor_id":"IBMid-6630035GCA","last_access_time":1650862597146}}]}
