{"metadata":{"asset_id":"72886f4c-b242-406a-a457-488fa45e3e0d","asset_attributes":["data_flow"],"name":"bank (1).csv_flow","asset_type":"data_flow","created_at":"2022-04-25T05:20:29Z","description":"","origin_country":"us","owner_id":"IBMid-6630035GCA","project_id":"e6026a3c-0923-43eb-8d64-12f87b0460a2","size":0,"tags":[],"usage":{"last_update_time":1650864035117,"last_updated_at":"2022-04-25T05:20:35Z"}},"entity":{"data_flow":{"pipeline":{"version":"1.0","doc_type":"pipeline","app_data":{"shaperCreated":true,"replace_space_by_dot":true},"primary_pipeline":"pipeline1","pipelines":[{"id":"pipeline1","nodes":[{"output":{"id":"source1output"},"data_asset":{"ref":"6d7ce25e-4e61-4ee0-8d07-8ce237bccee2","app_data":{"dataset_name":"bank (1).csv"},"properties":{"row_start":"0","first_line_header":"true","encoding":"UTF-8","invalid_data_handling":"fail","file_format":"csv"}},"id":"source1","type":"binding"},{"id":"a75256c0-f711-40da-8b93-0a643d3fec0c","type":"execution_node","op":"com.ibm.wdp.transformer.FreeformCode","app_data":{"uiParams":{"key":"mutate","code":"mutate(`age` = as.integer(`age`),`balance` = as.integer(`balance`),`day` = as.integer(`day`),`duration` = as.integer(`duration`),`campaign` = as.integer(`campaign`),`pdays` = as.integer(`pdays`),`previous` = as.integer(`previous`))","args":{"type":"mutate","conditions":[],"auto":true,"autoConditions":[{"column":"age","type":"as.integer","newColumnName":"","format":"","actualType":"character","removeColumn":false},{"column":"balance","type":"as.integer","newColumnName":"","format":"","actualType":"character","removeColumn":false},{"column":"day","type":"as.integer","newColumnName":"","format":"","actualType":"character","removeColumn":false},{"column":"duration","type":"as.integer","newColumnName":"","format":"","actualType":"character","removeColumn":false},{"column":"campaign","type":"as.integer","newColumnName":"","format":"","actualType":"character","removeColumn":false},{"column":"pdays","type":"as.integer","newColumnName":"","format":"","actualType":"character","removeColumn":false},{"column":"previous","type":"as.integer","newColumnName":"","format":"","actualType":"character","removeColumn":false}],"version":10},"automatic":true}},"parameters":{"FREEFORM_CODE":"mutate(`age` = as.integer(`age`),`balance` = as.integer(`balance`),`day` = as.integer(`day`),`duration` = as.integer(`duration`),`campaign` = as.integer(`campaign`),`pdays` = as.integer(`pdays`),`previous` = as.integer(`previous`))"},"inputs":[{"id":"inputPort1","links":[{"node_id_ref":"source1","port_id_ref":"source1output"}]}],"outputs":[{"id":"outputPort1"}]},{"input":{"link":{"node_id_ref":"a75256c0-f711-40da-8b93-0a643d3fec0c","port_id_ref":"outputPort1"},"id":"targetInput1"},"data_asset":{"app_data":{"targetType":"dataAsset","project_name":"bank"},"properties":{"mode":"overwrite","name":"bank (1)_csv_shaped","first_line_header":true,"file_format":"csv"}},"id":"target1","type":"binding"}],"runtime":"Spark"}],"id":"d07bc9f7-edf8-4477-b9ad-7e436fb68aa8"},"_entity_only":true}}}
