{"metadata":{"asset_id":"109f6416-e203-426b-8841-dcd8713cb642","asset_attributes":["data_flow"],"name":"challengers (1).csv_flow","asset_type":"data_flow","created_at":"2022-04-25T03:43:46Z","description":"","origin_country":"us","owner_id":"IBMid-6630035GCA","project_id":"7d7cce86-c65f-450c-84c7-ad31c38daeba","size":0,"tags":[],"usage":{"last_update_time":1650858226077,"last_updated_at":"2022-04-25T03:43:46Z"}},"entity":{"data_flow":{"pipeline":{"primary_pipeline":"pipeline1","pipelines":[{"nodes":[{"output":{"id":"source1output"},"data_asset":{"ref":"eacc18ea-1155-459f-9447-58e88e95183d","app_data":{"dataset_name":"challengers (1).csv"},"properties":{"row_start":"0","first_line_header":"true","encoding":"UTF-8","invalid_data_handling":"fail","file_format":"csv"}},"id":"source1","type":"binding"},{"outputs":[{"id":"outputPort1"}],"op":"com.ibm.wdp.transformer.FreeformCode","inputs":[{"links":[{"node_id_ref":"source1","port_id_ref":"source1output"}],"id":"inputPort1"}],"id":"b7b0d714-518d-434a-bea8-8411194f28a0","type":"execution_node","app_data":{"uiParams":{"args":{"auto":true,"type":"mutate","conditions":[],"version":10,"autoConditions":[{"removeColumn":false,"newColumnName":"","actualType":"character","column":"o_ring_ct","format":"","type":"as.integer"},{"removeColumn":false,"newColumnName":"","actualType":"character","column":"o_ring_failures","format":"","type":"as.integer"},{"removeColumn":false,"newColumnName":"","actualType":"character","column":"temperature","format":"","type":"as.integer"},{"removeColumn":false,"newColumnName":"","actualType":"character","column":"pressure","format":"","type":"as.integer"},{"removeColumn":false,"newColumnName":"","actualType":"character","column":"launch_id","format":"","type":"as.integer"}]},"code":"mutate(`o_ring_ct` = as.integer(`o_ring_ct`),`o_ring_failures` = as.integer(`o_ring_failures`),`temperature` = as.integer(`temperature`),`pressure` = as.integer(`pressure`),`launch_id` = as.integer(`launch_id`))","automatic":true,"key":"mutate"}},"parameters":{"FREEFORM_CODE":"mutate(`o_ring_ct` = as.integer(`o_ring_ct`),`o_ring_failures` = as.integer(`o_ring_failures`),`temperature` = as.integer(`temperature`),`pressure` = as.integer(`pressure`),`launch_id` = as.integer(`launch_id`))"}},{"input":{"link":{"node_id_ref":"b7b0d714-518d-434a-bea8-8411194f28a0","port_id_ref":"outputPort1"},"id":"targetInput1"},"data_asset":{"app_data":{"targetType":"dataAsset","project_name":"Space_Shuttle"},"properties":{"mode":"overwrite","name":"challengers (1)_csv_shaped","first_line_header":true,"file_format":"csv"}},"id":"target1","type":"binding"}],"runtime":"Spark","id":"pipeline1"}],"doc_type":"pipeline","id":"674fa6bc-30df-48d2-84d8-5c5e5dc84df4","app_data":{"replace_space_by_dot":true,"shaperCreated":true},"version":"1.0"},"_entity_only":true}}}
