{"metadata":{"asset_id":"eacc18ea-1155-459f-9447-58e88e95183d","asset_attributes":["data_asset"],"name":"challengers (1).csv","asset_type":"data_asset","created_at":"2022-04-25T03:18:29Z","origin_country":"us","owner_id":"IBMid-6630035GCA","project_id":"7d7cce86-c65f-450c-84c7-ad31c38daeba","size":388,"usage":{"last_update_time":1650856709384,"last_updated_at":"2022-04-25T03:18:29Z"}},"entity":{"data_asset":{"mime_type":"text/csv","dataset":false}},"attachments":[{"id":"552584c8-4718-4a9a-a297-ed6eabb6b71a","version":2,"asset_type":"data_asset","name":"challengers (1).csv","mime":"text/csv","datasource_type":"193a97c1-4475-4a19-b90c-295c4fdc6517","object_key":"challengers (1).csv","creator_id":"IBMid-6630035GCA","create_time":1650856710241,"size":388,"is_remote":false,"is_managed":false,"is_referenced":true,"is_object_key_read_only":true,"is_user_provided_path_key":true,"transfer_complete":true,"is_partitioned":false,"complete_time_ticks":1650856710241,"user_data":{},"test_doc":0,"handle":{"bucket":"spaceshuttle-donotdelete-pr-yvebvi3hf83gro","location":"eu-geo","key":"challengers (1).csv","upload_id":"done","max_part_num":1},"usage":{"access_count":0,"last_accessor_id":"IBMid-6630035GCA","last_access_time":1650856710241}}]}
