{"metadata":{"asset_id":"fe71e01c-881e-4ffe-b257-6196c6c132f2","asset_attributes":["data_flow"],"name":"insurance (1).csv_flow","asset_type":"data_flow","created_at":"2022-04-25T11:52:13Z","description":"","origin_country":"us","owner_id":"IBMid-6630035GCA","project_id":"166ab4b5-a5e4-4ecf-bad8-9c5351914267","size":0,"tags":[],"usage":{"last_update_time":1650887824149,"last_updated_at":"2022-04-25T11:57:04Z"}},"entity":{"data_flow":{"pipeline":{"version":"1.0","doc_type":"pipeline","app_data":{"shaperCreated":true,"replace_space_by_dot":true},"primary_pipeline":"pipeline1","pipelines":[{"id":"pipeline1","nodes":[{"output":{"id":"source1output"},"data_asset":{"ref":"f65b1640-ded9-47e2-92ed-19b931a9ddcc","app_data":{"dataset_name":"insurance (1).csv"},"properties":{"row_start":"0","first_line_header":"true","encoding":"UTF-8","invalid_data_handling":"fail","file_format":"csv"}},"id":"source1","type":"binding"},{"id":"bb4fccb4-6d08-484c-9119-45381d32b785","type":"execution_node","op":"com.ibm.wdp.transformer.FreeformCode","app_data":{"uiParams":{"key":"mutate","code":"mutate(`age` = as.integer(`age`),`bmi` = as.double(`bmi`),`children` = as.integer(`children`),`premium` = as.double(`premium`))","args":{"type":"mutate","conditions":[],"auto":true,"autoConditions":[{"column":"age","type":"as.integer","newColumnName":"","format":"","actualType":"character","removeColumn":false},{"column":"bmi","type":"as.double","newColumnName":"","format":"","actualType":"character","removeColumn":false},{"column":"children","type":"as.integer","newColumnName":"","format":"","actualType":"character","removeColumn":false},{"column":"premium","type":"as.double","newColumnName":"","format":"","actualType":"character","removeColumn":false}],"version":10},"automatic":true}},"parameters":{"FREEFORM_CODE":"mutate(`age` = as.integer(`age`),`bmi` = as.double(`bmi`),`children` = as.integer(`children`),`premium` = as.double(`premium`))"},"inputs":[{"id":"inputPort1","links":[{"node_id_ref":"source1","port_id_ref":"source1output"}]}],"outputs":[{"id":"outputPort1"}]},{"input":{"link":{"node_id_ref":"bb4fccb4-6d08-484c-9119-45381d32b785","port_id_ref":"outputPort1"},"id":"targetInput1"},"data_asset":{"app_data":{"targetType":"dataAsset","project_name":"Insurance_Segmentation"},"properties":{"mode":"overwrite","name":"insurance (1)_csv_shaped","first_line_header":true,"file_format":"csv"}},"id":"target1","type":"binding"}],"runtime":"Spark"}],"id":"f50b8eb7-0443-44d8-8dc8-e6d3c48c9362"},"_entity_only":true}}}
