{"metadata":{"asset_id":"f65b1640-ded9-47e2-92ed-19b931a9ddcc","asset_attributes":["data_asset"],"name":"insurance (1).csv","asset_type":"data_asset","created_at":"2022-04-25T11:39:44Z","origin_country":"us","owner_id":"IBMid-6630035GCA","project_id":"166ab4b5-a5e4-4ecf-bad8-9c5351914267","size":55628,"usage":{"last_update_time":1650886784345,"last_updated_at":"2022-04-25T11:39:44Z"}},"entity":{"data_asset":{"mime_type":"text/csv","dataset":false}},"attachments":[{"id":"86df4584-3f37-4a3b-99ab-48c584ac9979","version":2,"asset_type":"data_asset","name":"insurance (1).csv","mime":"text/csv","datasource_type":"193a97c1-4475-4a19-b90c-295c4fdc6517","object_key":"insurance (1).csv","creator_id":"IBMid-6630035GCA","create_time":1650886785462,"size":55628,"is_remote":false,"is_managed":false,"is_referenced":true,"is_object_key_read_only":true,"is_user_provided_path_key":true,"transfer_complete":true,"is_partitioned":false,"complete_time_ticks":1650886785462,"user_data":{},"test_doc":0,"handle":{"bucket":"insurancesegmentation-donotdelete-pr-ieexde8jrbl3u1","location":"eu-geo","key":"insurance (1).csv","upload_id":"done","max_part_num":1},"usage":{"access_count":0,"last_accessor_id":"IBMid-6630035GCA","last_access_time":1650886785462}}]}
